{"top": 39.610496163368225, "left": 0.6691806018352509, "width": 40.140845070422536, "height": 33.098591549295776}