{"ymin": 0.4300937056541443, "xmin": 0.032301679253578186, "width": 900, "height": 924}