{"top": 43.544238805770874, "left": 2.328423410654068, "width": 97.66666666666667, "height": 45.23809523809524}